<?xml version="1.0" encoding="UTF-8"?>
<GenRun Id="impl_1" LaunchPart="xc7a35tcsg324-1" LaunchTime="1621923653">
  <File Type="BITSTR-BMM" Name="float_light_bd.bmm"/>
  <File Type="OPT-METHODOLOGY-DRC" Name="float_light_methodology_drc_opted.rpt"/>
  <File Type="INIT-TIMING" Name="float_light_timing_summary_init.rpt"/>
  <File Type="ROUTE-PWR" Name="float_light_power_routed.rpt"/>
  <File Type="PA-TCL" Name="float_light.tcl"/>
  <File Type="OPT-TIMING" Name="float_light_timing_summary_opted.rpt"/>
  <File Type="OPT-DCP" Name="float_light_opt.dcp"/>
  <File Type="ROUTE-PWR-SUM" Name="float_light_power_summary_routed.pb"/>
  <File Type="REPORTS-TCL" Name="float_light_reports.tcl"/>
  <File Type="OPT-DRC" Name="float_light_drc_opted.rpt"/>
  <File Type="OPT-HWDEF" Name="float_light.hwdef"/>
  <File Type="PWROPT-DCP" Name="float_light_pwropt.dcp"/>
  <File Type="PWROPT-DRC" Name="float_light_drc_pwropted.rpt"/>
  <File Type="PWROPT-TIMING" Name="float_light_timing_summary_pwropted.rpt"/>
  <File Type="PLACE-DCP" Name="float_light_placed.dcp"/>
  <File Type="PLACE-IO" Name="float_light_io_placed.rpt"/>
  <File Type="PLACE-CLK" Name="float_light_clock_utilization_placed.rpt"/>
  <File Type="PLACE-UTIL" Name="float_light_utilization_placed.rpt"/>
  <File Type="PLACE-UTIL-PB" Name="float_light_utilization_placed.pb"/>
  <File Type="PLACE-CTRL" Name="float_light_control_sets_placed.rpt"/>
  <File Type="PLACE-SIMILARITY" Name="float_light_incremental_reuse_placed.rpt"/>
  <File Type="PLACE-PRE-SIMILARITY" Name="float_light_incremental_reuse_pre_placed.rpt"/>
  <File Type="PLACE-TIMING" Name="float_light_timing_summary_placed.rpt"/>
  <File Type="POSTPLACE-PWROPT-DCP" Name="float_light_postplace_pwropt.dcp"/>
  <File Type="BG-BIN" Name="float_light.bin"/>
  <File Type="POSTPLACE-PWROPT-TIMING" Name="float_light_timing_summary_postplace_pwropted.rpt"/>
  <File Type="PHYSOPT-DCP" Name="float_light_physopt.dcp"/>
  <File Type="PHYSOPT-DRC" Name="float_light_drc_physopted.rpt"/>
  <File Type="BITSTR-MSK" Name="float_light.msk"/>
  <File Type="PHYSOPT-TIMING" Name="float_light_timing_summary_physopted.rpt"/>
  <File Type="ROUTE-ERROR-DCP" Name="float_light_routed_error.dcp"/>
  <File Type="ROUTE-DCP" Name="float_light_routed.dcp"/>
  <File Type="ROUTE-BLACKBOX-DCP" Name="float_light_routed_bb.dcp"/>
  <File Type="ROUTE-DRC" Name="float_light_drc_routed.rpt"/>
  <File Type="ROUTE-DRC-PB" Name="float_light_drc_routed.pb"/>
  <File Type="ROUTE-DRC-RPX" Name="float_light_drc_routed.rpx"/>
  <File Type="BITSTR-MMI" Name="float_light.mmi"/>
  <File Type="ROUTE-METHODOLOGY-DRC" Name="float_light_methodology_drc_routed.rpt"/>
  <File Type="ROUTE-METHODOLOGY-DRC-RPX" Name="float_light_methodology_drc_routed.rpx"/>
  <File Type="ROUTE-METHODOLOGY-DRC-PB" Name="float_light_methodology_drc_routed.pb"/>
  <File Type="ROUTE-PWR-RPX" Name="float_light_power_routed.rpx"/>
  <File Type="ROUTE-STATUS" Name="float_light_route_status.rpt"/>
  <File Type="ROUTE-STATUS-PB" Name="float_light_route_status.pb"/>
  <File Type="ROUTE-TIMINGSUMMARY" Name="float_light_timing_summary_routed.rpt"/>
  <File Type="ROUTE-TIMING-PB" Name="float_light_timing_summary_routed.pb"/>
  <File Type="ROUTE-TIMING-RPX" Name="float_light_timing_summary_routed.rpx"/>
  <File Type="ROUTE-SIMILARITY" Name="float_light_incremental_reuse_routed.rpt"/>
  <File Type="ROUTE-CLK" Name="float_light_clock_utilization_routed.rpt"/>
  <File Type="ROUTE-BUS-SKEW" Name="float_light_bus_skew_routed.rpt"/>
  <File Type="ROUTE-BUS-SKEW-PB" Name="float_light_bus_skew_routed.pb"/>
  <File Type="ROUTE-BUS-SKEW-RPX" Name="float_light_bus_skew_routed.rpx"/>
  <File Type="POSTROUTE-PHYSOPT-DCP" Name="float_light_postroute_physopt.dcp"/>
  <File Type="POSTROUTE-PHYSOPT-BLACKBOX-DCP" Name="float_light_postroute_physopt_bb.dcp"/>
  <File Type="POSTROUTE-PHYSOPT-TIMING" Name="float_light_timing_summary_postroute_physopted.rpt"/>
  <File Type="POSTROUTE-PHYSOPT-TIMING-PB" Name="float_light_timing_summary_postroute_physopted.pb"/>
  <File Type="POSTROUTE-PHYSOPT-TIMING-RPX" Name="float_light_timing_summary_postroute_physopted.rpx"/>
  <File Type="POSTROUTE-PHYSOPT-BUS-SKEW" Name="float_light_bus_skew_postroute_physopted.rpt"/>
  <File Type="POSTROUTE-PHYSOPT-BUS-SKEW-PB" Name="float_light_bus_skew_postroute_physopted.pb"/>
  <File Type="BG-BIT" Name="float_light.bit"/>
  <File Type="POSTROUTE-PHYSOPT-BUS-SKEW-RPX" Name="float_light_bus_skew_postroute_physopted.rpx"/>
  <File Type="BITSTR-RBT" Name="float_light.rbt"/>
  <File Type="BITSTR-NKY" Name="float_light.nky"/>
  <File Type="PDI-FILE" Name="float_light.pdi"/>
  <File Type="RCFI_FILE" Name="float_light.rcfi"/>
  <File Type="CFI_FILE" Name="float_light.cfi"/>
  <File Type="RNPI_FILE" Name="float_light.rnpi"/>
  <File Type="NPI_FILE" Name="float_light.npi"/>
  <File Type="RBD_FILE" Name="float_light.rbd"/>
  <File Type="BITSTR-LTX" Name="debug_nets.ltx"/>
  <File Type="BITSTR-LTX" Name="float_light.ltx"/>
  <File Type="BITSTR-SYSDEF" Name="float_light.sysdef"/>
  <File Type="BG-BGN" Name="float_light.bgn"/>
  <File Type="BG-DRC" Name="float_light.drc"/>
  <File Type="RDI-RDI" Name="float_light.vdi"/>
  <File Type="WBT-USG" Name="usage_statistics_webtalk.html"/>
  <FileSet Name="sources" Type="DesignSrcs" RelSrcDir="$PSRCDIR/sources_1">
    <Filter Type="Srcs"/>
    <File Path="$PSRCDIR/sources_1/new/float_light.v">
      <FileInfo>
        <Attr Name="UsedIn" Val="synthesis"/>
        <Attr Name="UsedIn" Val="implementation"/>
        <Attr Name="UsedIn" Val="simulation"/>
      </FileInfo>
    </File>
    <Config>
      <Option Name="DesignMode" Val="RTL"/>
      <Option Name="TopModule" Val="float_light"/>
      <Option Name="TopAutoSet" Val="TRUE"/>
    </Config>
  </FileSet>
  <FileSet Name="constrs_in" Type="Constrs" RelSrcDir="$PSRCDIR/constrs_1">
    <Filter Type="Constrs"/>
    <File Path="$PSRCDIR/constrs_1/new/cons1.xdc">
      <FileInfo>
        <Attr Name="UsedIn" Val="synthesis"/>
        <Attr Name="UsedIn" Val="implementation"/>
      </FileInfo>
    </File>
    <Config>
      <Option Name="ConstrsType" Val="XDC"/>
    </Config>
  </FileSet>
  <FileSet Name="utils" Type="Utils" RelSrcDir="$PSRCDIR/utils_1">
    <Filter Type="Utils"/>
    <Config>
      <Option Name="TopAutoSet" Val="TRUE"/>
    </Config>
  </FileSet>
  <Strategy Version="1" Minor="2">
    <StratHandle Name="Vivado Implementation Defaults" Flow="Vivado Implementation 2019"/>
    <Step Id="init_design"/>
    <Step Id="opt_design"/>
    <Step Id="power_opt_design"/>
    <Step Id="place_design"/>
    <Step Id="post_place_power_opt_design"/>
    <Step Id="phys_opt_design" EnableStepBool="1"/>
    <Step Id="route_design"/>
    <Step Id="post_route_phys_opt_design"/>
    <Step Id="write_bitstream"/>
  </Strategy>
</GenRun>
